Id,ProductName,Price
1,Product1,17
2,Product2,14
3,Product3,19
4,Product4,7
5,Product5,5
6,Product6,20
7,Product7,6
8,Product8,10
9,Product9,17
10,Product10,9
11,Product11,1
12,Product12,1
13,Product13,17
14,Product14,7
15,Product15,20
16,Product16,14
17,Product17,20
18,Product18,13
19,Product19,20
20,Product20,14
21,Product21,17
22,Product22,18
23,Product23,2
24,Product24,19
25,Product25,19
26,Product26,8
27,Product27,14
28,Product28,13
29,Product29,10
30,Product30,16
31,Product31,18
32,Product32,19
33,Product33,9
34,Product34,1
35,Product35,6
36,Product36,2
37,Product37,12
38,Product38,8
39,Product39,11
40,Product40,11
41,Product41,19
42,Product42,3
43,Product43,6
44,Product44,20
45,Product45,15
46,Product46,11
47,Product47,18
48,Product48,12
49,Product49,5
50,Product50,9
51,Product51,6
52,Product52,2
53,Product53,10
54,Product54,2
55,Product55,9
56,Product56,15
57,Product57,15
58,Product58,14
59,Product59,15
60,Product60,2
61,Product61,6
62,Product62,17
63,Product63,19
64,Product64,9
65,Product65,6
66,Product66,11
67,Product67,1
68,Product68,4
69,Product69,9
70,Product70,16
71,Product71,13
72,Product72,18
73,Product73,6
74,Product74,10
75,Product75,13
76,Product76,14
77,Product77,17
78,Product78,18
79,Product79,3
80,Product80,9
81,Product81,11
82,Product82,5
83,Product83,4
84,Product84,16
85,Product85,19
86,Product86,14
87,Product87,3
88,Product88,14
89,Product89,6
90,Product90,1
91,Product91,16
92,Product92,8
93,Product93,20
94,Product94,11
95,Product95,20
96,Product96,6
97,Product97,19
98,Product98,4
99,Product99,5
100,Product100,20
101,Product101,7
102,Product102,8
103,Product103,1
104,Product104,5
105,Product105,6
106,Product106,14
107,Product107,12
108,Product108,5
109,Product109,10
110,Product110,12
111,Product111,4
112,Product112,3
113,Product113,2
114,Product114,5
115,Product115,2
116,Product116,11
117,Product117,10
118,Product118,20
119,Product119,2
120,Product120,12
121,Product121,18
122,Product122,17
123,Product123,11
124,Product124,8
125,Product125,19
126,Product126,8
127,Product127,12
128,Product128,3
129,Product129,13
130,Product130,7
131,Product131,12
132,Product132,13
133,Product133,16
134,Product134,14
135,Product135,20
136,Product136,15
137,Product137,5
138,Product138,13
139,Product139,10
140,Product140,10
141,Product141,3
142,Product142,6
143,Product143,9
144,Product144,18
145,Product145,1
146,Product146,2
147,Product147,2
148,Product148,20
149,Product149,16
150,Product150,8
