SNo,ProductName,Qty
1,Product1,10
2,Product2,7
3,Product3,8
4,Product4,4
5,Product5,4
6,Product6,10
7,Product7,2
8,Product8,7
9,Product9,8
10,Product10,7
11,Product11,7
12,Product12,6
13,Product13,3
14,Product14,7
15,Product15,4
16,Product16,6
17,Product17,1
18,Product18,2
19,Product19,3
20,Product20,2
21,Product21,9
22,Product22,9
23,Product23,5
24,Product24,8
25,Product25,7
26,Product26,6
27,Product27,7
28,Product28,3
29,Product29,3
30,Product30,1
31,Product31,7
32,Product32,3
33,Product33,7
34,Product34,2
35,Product35,5
36,Product36,7
37,Product37,10
38,Product38,8
39,Product39,5
40,Product40,10
41,Product41,10
42,Product42,4
43,Product43,4
44,Product44,4
45,Product45,2
46,Product46,6
47,Product47,2
48,Product48,3
49,Product49,1
50,Product50,10
51,Product51,5
52,Product52,2
53,Product53,3
54,Product54,6
55,Product55,8
56,Product56,7
57,Product57,1
58,Product58,3
59,Product59,10
60,Product60,3
61,Product61,6
62,Product62,6
63,Product63,4
64,Product64,6
65,Product65,2
66,Product66,9
67,Product67,8
68,Product68,1
69,Product69,1
70,Product70,1
71,Product71,3
72,Product72,5
73,Product73,1
74,Product74,3
75,Product75,2
76,Product76,4
77,Product77,8
78,Product78,8
79,Product79,1
80,Product80,6
81,Product81,5
82,Product82,5
83,Product83,2
84,Product84,10
85,Product85,2
86,Product86,10
87,Product87,7
88,Product88,7
89,Product89,9
90,Product90,9
91,Product91,2
92,Product92,9
93,Product93,6
94,Product94,6
95,Product95,8
96,Product96,7
97,Product97,2
98,Product98,5
99,Product99,1
100,Product100,5
101,Product101,10
102,Product102,6
103,Product103,2
104,Product104,8
105,Product105,10
106,Product106,6
107,Product107,3
108,Product108,1
109,Product109,3
110,Product110,1
111,Product111,7
112,Product112,10
113,Product113,9
114,Product114,8
115,Product115,8
116,Product116,1
117,Product117,9
118,Product118,4
119,Product119,3
120,Product120,4
121,Product121,7
122,Product122,9
123,Product123,5
124,Product124,9
125,Product125,9
126,Product126,2
127,Product127,6
128,Product128,1
129,Product129,2
130,Product130,6
131,Product131,9
132,Product132,2
133,Product133,4
134,Product134,6
135,Product135,5
136,Product136,7
137,Product137,3
138,Product138,5
139,Product139,10
140,Product140,9
141,Product141,7
142,Product142,2
143,Product143,6
144,Product144,4
145,Product145,9
146,Product146,1
147,Product147,1
148,Product148,4
149,Product149,6
150,Product150,10
