SNo,ProductName,Qty,Price,Amount
1,Product1,10,17,170
2,Product2,7,14,98
3,Product3,8,19,152
4,Product4,4,7,28
5,Product5,4,5,20
6,Product6,10,20,200
7,Product7,2,6,12
8,Product8,7,10,70
9,Product9,8,17,136
10,Product10,7,9,63
11,Product11,7,1,7
12,Product12,6,1,6
13,Product13,3,17,51
14,Product14,7,7,49
15,Product15,4,20,80
16,Product16,6,14,84
17,Product17,1,20,20
18,Product18,2,13,26
19,Product19,3,20,60
20,Product20,2,14,28
21,Product21,9,17,153
22,Product22,9,18,162
23,Product23,5,2,10
24,Product24,8,19,152
25,Product25,7,19,133
26,Product26,6,8,48
27,Product27,7,14,98
28,Product28,3,13,39
29,Product29,3,10,30
30,Product30,1,16,16
31,Product31,7,18,126
32,Product32,3,19,57
33,Product33,7,9,63
34,Product34,2,1,2
35,Product35,5,6,30
36,Product36,7,2,14
37,Product37,10,12,120
38,Product38,8,8,64
39,Product39,5,11,55
40,Product40,10,11,110
41,Product41,10,19,190
42,Product42,4,3,12
43,Product43,4,6,24
44,Product44,4,20,80
45,Product45,2,15,30
46,Product46,6,11,66
47,Product47,2,18,36
48,Product48,3,12,36
49,Product49,1,5,5
50,Product50,10,9,90
51,Product51,5,6,30
52,Product52,2,2,4
53,Product53,3,10,30
54,Product54,6,2,12
55,Product55,8,9,72
56,Product56,7,15,105
57,Product57,1,15,15
58,Product58,3,14,42
59,Product59,10,15,150
60,Product60,3,2,6
61,Product61,6,6,36
62,Product62,6,17,102
63,Product63,4,19,76
64,Product64,6,9,54
65,Product65,2,6,12
66,Product66,9,11,99
67,Product67,8,1,8
68,Product68,1,4,4
69,Product69,1,9,9
70,Product70,1,16,16
71,Product71,3,13,39
72,Product72,5,18,90
73,Product73,1,6,6
74,Product74,3,10,30
75,Product75,2,13,26
76,Product76,4,14,56
77,Product77,8,17,136
78,Product78,8,18,144
79,Product79,1,3,3
80,Product80,6,9,54
81,Product81,5,11,55
82,Product82,5,5,25
83,Product83,2,4,8
84,Product84,10,16,160
85,Product85,2,19,38
86,Product86,10,14,140
87,Product87,7,3,21
88,Product88,7,14,98
89,Product89,9,6,54
90,Product90,9,1,9
91,Product91,2,16,32
92,Product92,9,8,72
93,Product93,6,20,120
94,Product94,6,11,66
95,Product95,8,20,160
96,Product96,7,6,42
97,Product97,2,19,38
98,Product98,5,4,20
99,Product99,1,5,5
100,Product100,5,20,100
101,Product101,10,7,70
102,Product102,6,8,48
103,Product103,2,1,2
104,Product104,8,5,40
105,Product105,10,6,60
106,Product106,6,14,84
107,Product107,3,12,36
108,Product108,1,5,5
109,Product109,3,10,30
110,Product110,1,12,12
111,Product111,7,4,28
112,Product112,10,3,30
113,Product113,9,2,18
114,Product114,8,5,40
115,Product115,8,2,16
116,Product116,1,11,11
117,Product117,9,10,90
118,Product118,4,20,80
119,Product119,3,2,6
120,Product120,4,12,48
121,Product121,7,18,126
122,Product122,9,17,153
123,Product123,5,11,55
124,Product124,9,8,72
125,Product125,9,19,171
126,Product126,2,8,16
127,Product127,6,12,72
128,Product128,1,3,3
129,Product129,2,13,26
130,Product130,6,7,42
131,Product131,9,12,108
132,Product132,2,13,26
133,Product133,4,16,64
134,Product134,6,14,84
135,Product135,5,20,100
136,Product136,7,15,105
137,Product137,3,5,15
138,Product138,5,13,65
139,Product139,10,10,100
140,Product140,9,10,90
141,Product141,7,3,21
142,Product142,2,6,12
143,Product143,6,9,54
144,Product144,4,18,72
145,Product145,9,1,9
146,Product146,1,2,2
147,Product147,1,2,2
148,Product148,4,20,80
149,Product149,6,16,96
150,Product150,10,8,80
